30,0.473020916365,0.688071308152,None,7e-06,19.6375304742
30,1.04307194984,0.208994165705,None,0.085345,2.70491526252
30,0.474326324669,0.538238361958,None,3.7e-05,15.3190272362
30,0.545749140713,0.229909137404,None,0.008714,5.68717955451
30,0.678721834951,0.217751476708,None,0.023332,4.33114832054
30,0.745230613994,0.703617341447,None,0.000137,12.7461673355
30,0.42271370129,0.54516127104,None,1.4e-05,17.4105479349
30,0.366706057443,0.326180674116,None,0.000196,12.0080893434
30,0.629938726384,0.48792297354,None,0.000414,10.4565092872
30,0.524518830945,0.2080566849,None,0.011024,5.35493690681
30,0.286487946985,0.542602013492,None,1e-06,25.5687098156
30,0.636632490906,0.60031057019,None,0.000146,12.7297818024
30,0.302683213117,0.72321792714,None,0.0,32.2563049197
30,0.586357180654,0.178487312753,None,0.027643,4.10940430451
30,0.674042240468,0.646703601539,None,0.000124,12.9524503015
30,0.573016066776,0.488828105602,None,0.000236,11.5165696186
30,0.564008299457,0.429280267878,None,0.000467,10.2751743581
30,0.704962514912,0.761396266501,None,4.8e-05,14.5807037684
30,0.882288428076,0.376989504325,None,0.00832,5.76836116902
30,0.499942965303,0.315266524633,None,0.001406,8.51316725693
30,0.780636412046,0.314426768039,None,0.010433,5.43756517505
30,0.783366185929,0.47671591822,None,0.001642,8.21539787084
30,0.676542327065,0.543342639804,None,0.000358,10.8420794146
30,0.638147520799,0.264325389861,None,0.009315,5.59179914802
30,0.319665666853,0.618440087088,None,1e-06,26.1177287441
30,0.637379627735,0.784274360626,None,1.8e-05,16.6112994638
30,0.773421137624,0.196813658064,None,0.046922,3.43536561727
30,0.818215181198,0.176710307159,None,0.071238,2.91560117859
30,0.373100366731,0.525372603214,None,6e-06,19.0097109942
30,0.418273265844,0.613351532998,None,5e-06,19.7962585028
30,0.6214198593,0.257957542208,None,0.009261,5.60398379242
30,0.762148839729,0.590806173902,None,0.000422,10.4649944104
30,0.55131562433,0.508206798817,None,0.000149,12.4443993264
30,0.475096472345,0.319146222689,None,0.000978,9.06862975647
30,0.949399968132,0.743692615618,None,0.000415,10.5749427511
30,0.286820673301,0.343269747144,None,1.6e-05,16.1569301581
30,0.403406775571,0.462166571636,None,3.8e-05,15.4663954472
30,0.67020573236,0.113519906592,None,0.120876,2.28663925867
30,0.744059001415,0.38084060013,None,0.003728,6.9098661423
30,0.653406686711,0.363407072958,None,0.00262,7.50833376013
30,0.713097955631,0.297908260551,None,0.00912,5.63984440802
30,0.467946874632,0.360403675699,None,0.000439,10.3974401491
30,0.518070296457,0.404361899643,None,0.000422,10.5369593326
30,0.414087716595,0.23279342348,None,0.002425,7.58948186828
30,0.609050065552,0.243302157388,None,0.010593,5.39295422579
30,0.526471104828,0.277493230166,None,0.003405,7.11560154562
30,0.860359116897,0.473519428813,None,0.002576,7.43005120005
30,0.897149590553,0.595342410485,None,0.001003,8.95850884421
30,0.659688827148,0.521131622904,None,0.000396,10.6645385213
30,0.603243850378,0.316597216183,None,0.003315,7.08513218293
30,1.00214408443,0.918280119904,None,0.00013,12.3702587396
30,0.619596733104,0.235955184602,None,0.012992,5.14107777193
30,0.387974919234,0.224738611975,None,0.002105,7.82001905601
30,0.534896303099,0.264239763214,None,0.004374,6.66902497309
30,0.340464111513,0.476530057372,None,1.1e-05,18.8952537345
30,0.583702550929,0.759806893327,None,1.5e-05,17.5729796685
30,0.477394431752,0.270572213737,None,0.002363,7.65137723128
30,0.365603435684,0.342667413416,None,0.000129,12.6530815348
30,0.544948996148,0.542421596453,None,8.5e-05,13.437388827
30,0.727053401527,0.24362144054,None,0.020371,4.52358718133
30,0.630175610122,0.655521132846,None,7.5e-05,14.0429669941
30,0.493093087994,0.475025421653,None,0.000124,13.0053398607
30,0.716596812875,0.644144659785,None,0.000185,12.1350705876
30,0.569244134962,0.637104582926,None,4.3e-05,15.1093552682
30,0.523537761941,0.289353207089,None,0.002586,7.4612923454
30,0.747327361513,0.321322531922,None,0.007965,5.80448997902
30,0.442377678354,0.350302478599,None,0.000396,10.6901493734
30,0.750110010895,0.690040287457,None,0.000155,12.4189035546
30,0.642296239031,0.381823240945,None,0.001851,8.02529026254
30,0.460547123044,0.150959431477,None,0.021886,4.42506797451
30,0.819018701091,0.529387572459,None,0.001161,8.72596952753
30,0.648635705126,0.29618724246,None,0.006135,6.16451999421
30,0.442550514764,0.383193090964,None,0.000213,11.6893022501
30,0.722608597788,0.340774575924,None,0.005638,6.36645728967
30,0.610235034353,0.496467478913,None,0.000323,10.983163188
30,0.653530567949,0.29573028915,None,0.006481,6.10890920688
30,0.535556652401,0.424633876477,None,0.000379,10.7039233043
30,0.595880848546,0.492294542956,None,0.000294,11.1531967274
30,0.53762254663,0.371130723545,None,0.000801,9.31929808237
30,0.930146234711,0.470329337138,None,0.003926,6.82628796894
30,0.505856685753,0.385264422816,None,0.000449,10.2817059743
30,0.539135797377,0.799209996217,None,6e-06,20.0122770579
30,0.627183821576,0.412225370873,None,0.001118,8.87306450731
30,0.739762542037,0.481466594468,None,0.001177,8.78633163477
30,0.625001075751,0.36100764397,None,0.002108,7.79775168824
30,0.897927816056,0.219754177973,None,0.051869,3.30391970222
30,0.586477962589,0.709591340727,None,1.9e-05,16.3339182559
30,0.620692092933,0.830736257675,None,1.8e-05,18.0684426406
30,0.792104450407,0.543351071286,None,0.000823,9.26044470345
30,0.521991368572,0.648488945916,None,1.7e-05,16.7715431652
30,0.521714647529,0.644816857281,None,2.2e-05,16.685419155
30,0.60762805811,0.856067711726,None,9e-06,19.0197176612
30,0.660801047334,0.353430554924,None,0.003011,7.2204977742
30,0.425462776348,0.260662927517,None,0.001552,8.27087519072
30,0.607711471587,0.578188360453,None,0.000124,12.8441591628
30,0.567589448277,0.784864168905,None,5e-06,18.6678351974
30,0.633963473781,0.525081938753,None,0.000289,11.1814110218
30,0.824787763484,0.426373807494,None,0.0037,6.97882128713
30,0.625872377745,0.242981444456,None,0.011869,5.24108367265
30,0.596633224308,0.465998535127,None,0.000414,10.5441332596
30,0.473132314133,0.660006957294,None,7e-06,18.8321398841
30,0.588926169336,0.649985770339,None,4.4e-05,14.8996739429
30,0.616597323984,0.630332835402,None,7.6e-05,13.8007301474
30,0.783799249356,0.241051784024,None,0.026871,4.15182725295
30,1.01635178621,0.259554303581,None,0.04594,3.44760854056
30,0.691287514492,0.566003054985,None,0.000328,11.0533476768
30,0.679959948812,0.283408889091,None,0.009033,5.62683141765
30,0.495436988995,0.18840456023,None,0.012741,5.13377406128
30,0.567486736398,0.136983525307,None,0.053932,3.25871509065
30,0.521962886111,0.439028483499,None,0.000265,11.3549922513
30,0.31341045083,0.154646255108,None,0.004487,6.66131087343
30,0.421153380951,0.427244356884,None,7.2e-05,13.6952451976
30,0.592884373713,0.7078030435,None,2.6e-05,16.1167025324
30,0.442238442517,0.260753086425,None,0.001913,7.9598839185
30,0.989332560676,0.470685195064,None,0.005222,6.42276458486
30,0.66393210864,0.453762366883,None,0.000918,9.22653366693
30,0.61972968376,0.385909305869,None,0.001429,8.40652911383
30,0.549234224215,0.207615732757,None,0.013215,5.10312771608
30,0.519239213386,0.354050657843,None,0.000899,9.20516740194
30,0.548741407985,0.477085706987,None,0.000213,11.7371442188
30,0.784769513827,0.302157614427,None,0.012268,5.19786730102
30,0.703792449133,0.124815981559,None,0.11014,2.39419413085
30,0.581529699482,0.527667638992,None,0.000165,12.249611899
30,0.580261688492,0.885382689564,None,4e-06,20.5987514705
30,0.54236046509,0.390057312469,None,0.000643,9.70899255619
30,0.4947692478,0.553409928672,None,2.9e-05,15.1000371795
30,0.69529030622,0.476218780294,None,0.000885,9.2464305578
30,0.581748369706,0.817067425181,None,6e-06,18.9607926972
30,0.697166908528,0.534290480285,None,0.000455,10.3460468298
30,0.760356348491,0.338468482924,None,0.006765,6.00945139544
30,0.525366002068,0.36112247455,None,0.000865,9.27953728874
30,0.561337774681,0.229277500254,None,0.009782,5.51405302305
30,0.857341351149,0.566206124563,None,0.001053,8.9156818009
30,0.588901784088,0.700375104693,None,2.6e-05,16.0554173359
30,0.278668778613,0.687904502774,None,0.0,33.3252646158
30,0.84548108585,0.25081048032,None,0.030028,4.00475130785
30,0.594224973363,0.533159693079,None,0.000187,12.1126781593
30,0.659411671898,0.461397048288,None,0.000793,9.44608719763
30,0.736735542705,0.638466416213,None,0.000218,11.6993088011
30,0.594941381611,0.575047225724,None,9.2e-05,13.0485755189
30,0.742943156216,0.312484203557,None,0.008734,5.67814201224
30,0.983236067362,0.523153172522,None,0.003078,7.18298287003
30,0.467719130567,0.738960673074,None,3e-06,21.3289738104
30,0.360715010285,0.412090838943,None,2.3e-05,15.4227746756
30,0.614742269808,0.674826046693,None,5.7e-05,14.8194651284
30,0.48535755017,0.483467582932,None,8.8e-05,13.4474314189
30,0.685333769106,0.786079721734,None,2.7e-05,15.4845372019
30,0.612044528144,0.132386762837,None,0.070939,2.9200837784
30,0.53310402618,0.408535703687,None,0.000436,10.3455080602
30,0.501066882041,0.302176030882,None,0.00171,8.14138104737
30,0.444533703148,0.623706327376,None,9e-06,18.9412756782
30,0.528304681435,0.225367099119,None,0.008407,5.75890380119
30,0.797056770808,0.345072343652,None,0.007751,5.8445982895
30,0.683690154445,0.279492788232,None,0.009634,5.51880499757
30,0.33142664489,0.575499274026,None,1e-06,23.4418092786
30,1.07288642723,0.235932332533,None,0.068278,2.96870797166
30,0.539151119771,0.446054905541,None,0.000286,11.1689302015
30,0.551001954141,0.80261061838,None,2e-06,19.6646187309
30,0.641241834147,0.586170685296,None,0.000154,12.3405926284
30,0.749785987492,0.551433538994,None,0.000618,9.92863683852
30,0.609258555505,0.691014850082,None,2.8e-05,15.3115625408
30,0.333992097276,0.264842034863,None,0.000368,10.704946314
30,0.577083502082,1.05749051595,None,0.0,24.7383990597
30,0.575172415362,0.438285784162,None,0.000485,10.2871033592
30,0.433084720984,0.886166125188,None,0.0,27.6233312107
30,0.5037980425,0.349560472871,None,0.000801,9.36698038827
30,0.695469984298,0.79637685148,None,2.6e-05,15.4587368797
30,0.322238298276,0.351320831523,None,4.4e-05,14.7183970712
30,0.742713243102,0.843754373408,None,4e-05,15.3365840004
30,0.491802239657,0.24146733589,None,0.004499,6.62829237376
30,0.447001360826,0.289749118558,None,0.001174,8.75078566495
30,0.527237775226,0.411829466507,None,0.00042,10.5449534519
30,0.433029533237,0.200736575756,None,0.00592,6.25810381212
30,0.732351640445,0.709972540413,None,9.5e-05,13.0874688691
30,0.666445501393,0.386931523193,None,0.002054,7.83796357268
30,0.515551524019,0.972560075639,None,1e-06,25.4670200929
30,0.799760784034,0.537229575833,None,0.000969,9.06846074293
30,0.79208812976,0.311528110278,None,0.011283,5.30954742375
30,0.597462598662,0.366437832982,None,0.001556,8.27986681734
30,0.74284382285,0.654852253886,None,0.000188,11.9008937754
30,0.884199270532,0.588370569548,None,0.001014,8.98327215777
30,0.339237294247,0.389810497639,None,2.2e-05,15.5125683625
30,0.477259188294,0.168605836108,None,0.017119,4.76927179882
30,0.465351867937,0.302649476311,None,0.001203,8.77995386227
30,0.520875645902,0.658365964243,None,1.7e-05,17.0634595555
30,0.490803968451,0.803917754881,None,0.0,22.1124733876
30,0.680708647507,0.902217059425,None,1.6e-05,17.8930153845
30,0.805948963089,0.349148783585,None,0.00794,5.84839585912
30,0.932741000864,0.28135043298,None,0.028414,4.0721173849
30,0.460107099877,0.623830715127,None,9e-06,18.3038137348
30,0.850319572604,0.531674999608,None,0.001441,8.44107642111
30,0.42583540437,0.314314615372,None,0.000567,9.96452447113
30,0.471658240855,0.605055601698,None,2.3e-05,17.3181552136
30,0.396213044514,0.178557649977,None,0.006713,6.08391951769
30,1.14738854529,0.394201176766,None,0.018769,4.63811139496
30,0.581662393551,0.553516847399,None,0.000128,12.8467604623
30,0.547697264624,0.551255166717,None,7.4e-05,13.5876974952
30,0.563274774883,0.676350436684,None,2.4e-05,16.2100830756
30,0.593968677668,0.819481029375,None,6e-06,18.6255509971
30,0.415164558138,0.416342856336,None,8e-05,13.5383149894
30,0.444773798012,0.424101785872,None,0.000125,12.8725525984
30,0.522152373084,0.441126848359,None,0.000269,11.4051237911
30,0.635029753329,0.63406948208,None,8.8e-05,13.479585741
30,0.668169915327,0.793463283248,None,2.6e-05,16.0314825288
30,0.497713121914,0.611663579212,None,1.9e-05,16.5907989076
30,0.76596685757,0.424907630401,None,0.002575,7.4889049751
30,0.491747199648,0.478939510349,None,0.000117,13.1483888354
30,0.493006056701,0.423032502445,None,0.00022,11.5839120136
30,0.684103545999,0.311519218419,None,0.006462,6.14747500324
30,0.766645062977,0.242742225347,None,0.024347,4.27449441788
30,0.300119671799,0.434442459552,None,6e-06,19.5421152129
30,0.509593047292,0.106435384371,None,0.076472,2.81965716889
30,0.40467487938,0.522277608639,None,1.1e-05,17.4232404231
30,0.432600228426,0.385888415615,None,0.000171,12.0422812298
30,0.883771572484,0.296520712857,None,0.019956,4.52948448242
30,0.68529352101,0.46870702862,None,0.000871,9.23333534081
30,0.662401780777,0.466776249802,None,0.000761,9.51307734248
30,0.45705825069,0.642195176614,None,6e-06,18.968336905
30,0.46448038687,0.233069598049,None,0.004092,6.77410642647
30,0.444470160602,0.626204981794,None,1.2e-05,19.0198758062
30,0.439526156237,0.54373348571,None,1.8e-05,16.700717245
30,0.415937762667,0.579009456864,None,9e-06,18.7927819238
30,0.521266648117,0.28248247287,None,0.002809,7.31585916254
30,0.441175796405,0.365074630759,None,0.000279,11.1713007726
30,0.662475401286,0.574590486173,None,0.000251,11.7090710814
30,0.476711692213,0.55141706747,None,2.7e-05,15.6155817708
30,0.3668410587,0.775659633192,None,0.0,28.5448010787
30,0.44723246901,1.12187794509,None,0.0,33.8646080241
30,0.527811152009,0.344792435847,None,0.001151,8.81886990492
30,0.516275574276,0.632330084947,None,2.3e-05,16.5346891701
30,0.631686844766,0.463112448346,None,0.000564,9.8973377465
30,0.65770024828,0.802090145761,None,2e-05,16.4637568499
30,0.589235630528,0.582941641311,None,8.6e-05,13.355798173
30,0.563293085679,0.581235735962,None,8.7e-05,13.9300173124
30,0.739116720995,0.503713705938,None,0.000857,9.20035339075
30,0.689416580566,0.274168584714,None,0.010817,5.368707394
30,0.843793450495,0.181409002764,None,0.07219,2.90239457995
30,0.536408676982,0.97481514099,None,1e-06,24.5335412496
30,0.560243390782,0.412988374842,None,0.000547,9.95164450327
30,0.738760166727,0.513687521324,None,0.000858,9.38705394552
30,0.546487706149,0.63621534831,None,3.5e-05,15.716560694
30,0.534445905779,0.247653067633,None,0.005794,6.25566849121
30,0.660572002349,0.440807375821,None,0.001024,9.00870692736
30,0.641766776216,0.36310632304,None,0.002386,7.63818811241
30,0.616936041886,0.504006296012,None,0.00027,11.0288336784
30,0.339978231222,0.149759370418,None,0.007282,5.94670868596
30,0.931937283486,0.350804730242,None,0.013623,5.08174095209
30,0.692140586687,0.668966998224,None,8.6e-05,13.048005925
30,0.850211153902,0.238336249896,None,0.035708,3.78440033259
30,0.447071235697,0.621212639776,None,9e-06,18.75846614
30,0.851530222832,0.412249229026,None,0.004837,6.53572174261
30,0.545246105753,0.498241423325,None,0.000156,12.336189372
30,0.634826481062,0.609555064208,None,0.000111,12.9625868049
30,0.414990056379,0.609136021833,None,3e-06,19.8157429759
30,0.849220744125,0.209511512039,None,0.050718,3.33058916906
30,0.333680929333,0.483900925952,None,5e-06,19.5775722437
30,0.569850496279,0.42730092945,None,0.000536,10.1229402892
30,0.778388082505,0.34790997186,None,0.006775,6.03398834808
30,0.536422618905,0.324980054867,None,0.001719,8.17868334794
30,0.436712639657,0.334742147148,None,0.000439,10.3478090079
30,0.470459581243,0.55360502975,None,2.9e-05,15.8858873315
30,0.475218916214,0.207949498187,None,0.007516,5.90742104269
30,0.62838276189,0.316161868054,None,0.004053,6.79233339549
30,0.486305306856,0.556720477011,None,2.6e-05,15.4547489688
30,0.788622706111,0.398924214645,None,0.003979,6.82896505006
30,0.7614542621,0.596452144985,None,0.000447,10.574639027
30,0.574863778213,0.56049319796,None,9.8e-05,13.1625238174
30,0.819665697468,0.360847123027,None,0.007261,5.94319876494
30,0.857698610879,0.182751654169,None,0.073427,2.87647350712
30,0.773252336689,0.815821009623,None,5.5e-05,14.2431947598
30,0.559009800852,0.727388261998,None,1.5e-05,17.5663137247
30,0.33157238526,0.762578180279,None,0.0,31.0484403751
30,0.501421387175,0.989291507717,None,0.0,26.6351529787
30,0.856071050441,0.488784440581,None,0.002231,7.70799333121
30,0.634841678484,0.707244101307,None,3.9e-05,15.0396479803
30,0.816931633285,0.431157263724,None,0.00325,7.12498185052
30,0.401783389002,0.456360835475,None,3.7e-05,15.3338128145
30,0.655845034533,0.453700327872,None,0.000801,9.33902690996
30,0.62616782266,0.525458154198,None,0.000255,11.3287282179
30,0.88158488231,0.102106674771,None,0.228347,1.56359317982
30,0.560949364906,0.718861442384,None,1.2e-05,17.3003662707
30,0.459303692195,0.46350035101,None,6.4e-05,13.6233495288
30,0.764184840842,0.850943587617,None,3.6e-05,15.032669871
30,0.624527373434,0.687650931325,None,4.1e-05,14.8645006893
30,0.43039501741,0.34510528903,None,0.000329,10.8247568244
30,0.578923095806,0.180415436065,None,0.02553,4.20713632696
30,0.43479654395,0.757509211089,None,3e-06,23.5199071658
30,1.06332982056,0.220147274731,None,0.078493,2.79498247055
30,0.497245348213,0.482937206599,None,0.000103,13.1115400325
30,0.426049177718,0.486830562305,None,4e-05,15.4259483056
30,0.572952201552,0.520076700984,None,0.000178,12.2541382061
30,0.709771288,0.541602573227,None,0.000465,10.3013954807
30,0.553770047895,0.413303981368,None,0.000484,10.075669079
30,0.599007125561,0.487039884409,None,0.000328,10.9765613111
30,0.761403756225,0.366322329743,None,0.005038,6.4950447264
30,0.289515565952,0.56185846037,None,0.0,26.1992449009
30,0.370701228231,0.0991852654819,None,0.04082,3.61207620054
30,0.422530407166,0.62034430724,None,2e-06,19.8202259665
30,0.195322258733,0.602061188012,None,0.0,41.6123901642
30,1.10049704404,0.47340242597,None,0.00794,5.80731478126
30,0.3530201612,0.538154551415,None,2e-06,20.5798060355
30,0.651245868116,0.595893012911,None,0.000144,12.352563092
30,0.5479853532,0.540302649422,None,9.4e-05,13.3107312533
30,0.491503214861,0.523512083357,None,5.9e-05,14.379179854
30,0.498280781396,0.456907401328,None,0.000146,12.3790644718
30,0.390173274216,0.400243078931,None,7.4e-05,13.8484153647
30,0.555288065629,0.41330131371,None,0.0005,10.0480598818
30,0.737910641751,0.817377063207,None,3.1e-05,14.9538300831
30,0.809197171838,0.829924397987,None,7.3e-05,13.8457965039
30,0.495090711456,0.537398989559,None,4.2e-05,14.6536507173
30,0.666422761602,0.816485415461,None,1.4e-05,16.5398809042
30,0.372744354579,0.788074443249,None,1e-06,28.5423638297
30,0.530774652232,0.477861571698,None,0.000174,12.1541810461
30,0.422520025225,0.654250968317,None,4e-06,20.9040697363
30,0.782029491707,0.459794083744,None,0.001931,7.93732230864
30,0.557066166795,0.680469522455,None,2.4e-05,16.4905698833
30,0.895808734004,0.709158955412,None,0.000395,10.6871540036
30,0.419005430358,0.47867732608,None,2.9e-05,15.4225779283
30,0.941952760545,0.573885658783,None,0.001645,8.22488846371
30,0.750852911003,0.533626520297,None,0.000694,9.594366511
30,0.470431013634,0.399221112602,None,0.000258,11.4564832333
30,0.580971415547,0.68434064016,None,2.5e-05,15.9019848394
30,0.652426015726,0.526568625677,None,0.000336,10.8957587148
30,0.537213564465,0.56583826918,None,6.2e-05,14.219329405
30,0.610519272715,0.67863853418,None,4.7e-05,15.0062751839
30,0.634227349075,0.323606392318,None,0.003837,6.88820231841
30,0.834902939235,0.562692423392,None,0.00096,9.09848002542
30,0.603762587119,0.534811474595,None,0.000189,11.9582681356
30,0.877094386837,0.454977135344,None,0.003602,7.00288523028
30,0.573227797518,0.410348983613,None,0.000702,9.66406601835
30,0.689083772904,0.345016222916,None,0.004068,6.75929283567
30,0.742551427895,0.62161101923,None,0.000275,11.3012357722
30,0.480923448603,0.302455580943,None,0.001415,8.49022927577
30,0.488135467159,0.4492067724,None,0.000127,12.4233780076
30,0.362444250133,0.744387077145,None,0.0,27.7262655919
30,0.462865440674,0.256274888172,None,0.002559,7.47455023924
30,0.588273397262,0.972917010165,None,3e-06,22.3269991442
30,0.5138981743,0.668287516097,None,1.3e-05,17.5557764524
30,0.483104124652,0.620297645318,None,1.2e-05,17.333775028
30,0.434233745892,0.431125261661,None,9.6e-05,13.4033595672
30,0.916099765341,0.269802360214,None,0.030681,3.97591179552
30,0.852067951112,0.837489425273,None,9.9e-05,13.2690206531
30,0.700869385092,0.686863042572,None,0.000113,13.23021275
30,0.504262260589,0.549231906809,None,5e-05,14.7039176266
30,0.41331916358,0.48661933574,None,1.9e-05,15.8941602794
30,0.569872584946,0.751666024043,None,1e-05,17.8065967598
30,0.867179773948,0.636456956519,None,0.000568,9.90817494957
30,0.809782500808,0.425154275407,None,0.003254,7.0878077907
30,0.531088268929,0.275197417019,None,0.003545,6.99538164767
30,0.337418645899,0.609405327768,None,2e-06,24.3820903938
30,0.352026795686,0.627069232584,None,3e-06,24.0476996172
30,0.794220803615,0.410806904245,None,0.003561,6.98281029919
30,0.914081166881,0.259103552259,None,0.034363,3.82668200837
30,0.389925191743,0.818135920028,None,0.0,28.3255228291
30,0.585662441491,0.44601084756,None,0.000465,10.280916131
30,0.841750362336,0.299525244788,None,0.016347,4.80378861188
30,0.443895258157,0.550848105884,None,1.5e-05,16.7527120256
30,0.575933371479,0.379987095209,None,0.001043,8.90697785431
30,0.741159705743,0.559995855854,None,0.00048,10.2001552371
30,0.295899647057,0.624537224607,None,0.0,28.493621456
30,0.563296993417,0.534872914755,None,0.000127,12.8187873068
30,0.586134768967,0.258781125045,None,0.007205,5.9603104492
30,0.406679073542,0.411603102944,None,8.2e-05,13.6634566449
30,0.792902271531,0.40573335801,None,0.003879,6.90803965356
30,0.590477324547,0.470247492036,None,0.000362,10.7512022538
30,0.311824371287,0.333024423573,None,6.4e-05,14.4178266108
30,0.437309358935,0.308944640577,None,0.000741,9.53730479941
30,0.627023009284,0.466927002418,None,0.000549,10.0530832829
30,0.497496789545,0.155981383089,None,0.025045,4.23268796091
30,0.426835893012,0.280434770643,None,0.001092,8.8696135111
30,0.509460225003,0.515073558846,None,7.8e-05,13.6487456786
30,0.623037492831,0.387504862615,None,0.001465,8.39647004473
30,0.479770666462,0.463114071693,None,0.000114,13.0313093419
30,0.719754812661,1.18538879703,None,4e-06,22.2336113332
30,0.816731396664,0.492083347471,None,0.001703,8.13379431474
30,0.650272277983,0.63440532945,None,0.000106,13.1705936691
30,0.922380821411,0.29820298251,None,0.02286,4.3645099404
30,0.582161822426,0.598695464685,None,8.6e-05,13.8834057163
30,0.630596778686,0.541932966527,None,0.000222,11.6018592156
30,0.257805439435,0.525376783185,None,0.0,27.5113922675
30,0.345478117289,0.51877343936,None,2e-06,20.271736706
30,0.643715714008,0.256273275352,None,0.01077,5.37456076024
30,0.526096814297,0.553951506124,None,6.6e-05,14.2147702276
30,0.615416651687,0.178519300264,None,0.031915,3.91606328324
30,0.780529272825,0.567437349165,None,0.000588,9.81437145336
30,0.584631719643,0.415767634124,None,0.000664,9.6006817148
30,0.990314899867,0.464895867105,None,0.005584,6.33747326913
30,0.465989258032,0.239628992961,None,0.003579,6.94220166927
30,0.432516070927,0.379734000836,None,0.000208,11.8525283934
30,0.698130404944,1.06110634172,None,4e-06,20.5189968976
30,0.706729641198,0.348989302159,None,0.004316,6.66641853476
30,0.62783558806,0.353352843422,None,0.00247,7.59794996798
30,0.876582277914,0.293957950468,None,0.020303,4.52716468414
30,0.627840896948,0.366720235996,None,0.001967,7.88531491021
30,0.362553907116,0.131896658831,None,0.015182,4.9112831479
30,0.516147036511,0.46214130478,None,0.000168,12.0874618533
30,0.949353911126,0.518299557495,None,0.002811,7.37032200972
30,0.615639901309,0.403306281688,None,0.001074,8.84386276979
30,0.533612220303,0.443088769423,None,0.000267,11.2098227132
30,0.468538910966,0.349890629591,None,0.000528,10.0813900168
30,0.530951684542,0.446559389639,None,0.000295,11.3542379385
30,1.09506843226,0.217214433601,None,0.087069,2.67781881683
30,0.649245921223,0.824915287032,None,1.7e-05,17.1527552363
30,0.54668139103,0.449165022346,None,0.00031,11.0918862452
30,0.857536424427,0.38312789031,None,0.006691,6.03149484016
30,0.371255938286,0.620440216918,None,1e-06,22.5611015599
30,0.624667882315,0.443225547442,None,0.000719,9.57876186668
30,0.921430683566,0.130388254569,None,0.167963,1.91033516473
30,0.673234559046,0.277670739051,None,0.00947,5.56797764883
30,0.797289317525,0.430644370317,None,0.002997,7.29183104739
30,0.601664498322,0.232962986256,None,0.012012,5.22716617522
30,0.685985288667,0.569426458375,None,0.000293,11.2061545853
30,0.673582375354,0.489078470778,None,0.000614,9.80215575272
30,0.442391477559,0.706409110987,None,2e-06,21.5567511629
30,0.451555693175,0.439813882462,None,9.9e-05,13.1489592601
30,0.716078412989,0.378733169056,None,0.003318,7.14013673574
30,0.568016846374,0.460425304452,None,0.000349,10.9428825039
30,0.593955096623,0.614885691148,None,7.5e-05,13.975731293
30,0.478562237203,0.640764508539,None,1.5e-05,18.0756444885
30,0.512129553896,0.703810595972,None,7e-06,18.5528114387
30,0.740678466095,0.289668554807,None,0.011681,5.27965327589
30,0.619759201686,0.316593453848,None,0.003823,6.89624553427
30,0.813878106442,0.232762239819,None,0.03346,3.8608855708
30,0.4620411089,0.218179118491,None,0.005495,6.37479662067
30,0.352285697519,0.38873542803,None,3.9e-05,14.8967963087
30,0.761854876302,0.511739025204,None,0.001038,9.06796957681
30,0.562879160268,0.296598612472,None,0.003221,7.113571706
30,0.630761826593,0.360402416728,None,0.002152,7.71358129282
30,0.848418557528,0.475055672315,None,0.002472,7.55906565143
30,0.430141549477,0.508572084907,None,2.4e-05,15.9615437165
30,0.388486794386,0.804846226815,None,0.0,27.9685801912
30,0.329958907545,0.189188608521,None,0.002217,7.74049785181
30,0.627433079134,0.302941675756,None,0.004935,6.51816545655
30,0.642855921962,0.696677735618,None,3.9e-05,14.6302602333
30,0.830288485751,0.38903945792,None,0.00561,6.32555162699
30,0.755279391671,0.598373258112,None,0.00038,10.6954314835
30,0.564036438183,0.627382344682,None,4.1e-05,15.0161604461
30,0.63837240434,0.338364575932,None,0.003245,7.15557524733
30,0.548997745281,0.456215969558,None,0.000306,11.2184715547
30,0.567349664188,0.658475463198,None,2.6e-05,15.6683246934
30,0.368880718744,0.420037876539,None,3.3e-05,15.3722085356
30,0.776910357014,0.645956094689,None,0.000298,11.2244703647
30,0.544891368538,0.218201905926,None,0.010652,5.40607889955
30,0.486324997529,0.743456386427,None,5e-06,20.6377654198
30,0.681817883073,0.403717408512,None,0.001919,7.99360819102
30,0.900563445256,0.399375636716,None,0.006993,5.98688645876
30,0.768877121575,0.259354579417,None,0.019985,4.55376642625
30,0.531432507578,0.501481235187,None,0.000129,12.7391466997
30,0.727312183892,0.286209848873,None,0.011465,5.31248210241
30,0.762578104631,0.698135612017,None,0.000181,12.3591678085
30,0.324121855591,0.712950375592,None,1e-06,29.6950973977
30,0.480046632529,0.149267883016,None,0.02603,4.19775139364
30,0.63411906905,0.327428151864,None,0.003539,6.97074140474
30,0.623347014766,0.485850697878,None,0.000412,10.5222039506
30,0.411314547916,0.139290888572,None,0.019675,4.57174929806
30,0.580249069628,0.478707859481,None,0.000321,11.1375553038
30,0.54022904641,0.636321904701,None,2.8e-05,15.9013029206
30,0.510221394588,0.64700597752,None,1.1e-05,17.1191972527
30,0.477099970759,0.472240346144,None,8.1e-05,13.3624922735
30,0.537416956361,0.612253409178,None,2.8e-05,15.3799036783
30,0.521398638463,0.439903857341,None,0.000276,11.3899454966
30,0.760636502173,0.730035215133,None,0.000103,12.9568793716
30,0.617293231465,0.348252063681,None,0.002344,7.61615812397
30,0.484326977678,0.353862281848,None,0.000621,9.8634621343
30,0.520869129939,0.397383275966,None,0.000505,10.299466636
30,0.427247803567,0.430585664361,None,8.5e-05,13.6054683496
30,0.5380807136,0.602166605506,None,4.7e-05,15.1078620156
30,0.740840119987,0.942862601303,None,1.8e-05,17.1813658227
30,0.491497832172,0.480883188429,None,0.000107,13.2084469531
30,0.428441906291,0.437499785493,None,6.6e-05,13.7854094509
30,0.460247176127,0.483781069888,None,7.3e-05,14.1902976971
30,0.634123764075,0.375537578375,None,0.001871,7.99490193442
30,0.546211878055,0.435726963802,None,0.00037,10.769289808
30,0.702045248157,0.676519019914,None,0.000125,13.0091426341
30,0.42311324641,0.652484626471,None,5e-06,20.8184038957
30,0.785763351907,0.336035663679,None,0.008157,5.77334314289
30,0.733644574155,0.298575117449,None,0.010053,5.49416465079
30,0.768869132169,0.452635221416,None,0.001902,7.94748447225
30,0.458159398406,0.220238002165,None,0.004937,6.48947296413
30,0.464633355825,0.618163755725,None,1e-05,17.9608514922
30,0.300309711152,0.4625370896,None,3e-06,20.7927032584
30,0.329050992787,0.23884527248,None,0.00062,9.79912308171
30,0.381008131115,0.525799278985,None,1.5e-05,18.6302855152
30,0.753419728723,0.80470848669,None,5.3e-05,14.4190073025
30,0.646912655726,0.317933262396,None,0.004577,6.63474273437
30,0.658171331573,0.405875266912,None,0.001495,8.32506042189
30,0.475279466112,0.518928213462,None,3.6e-05,14.7398139016
30,1.13252202777,0.482124201736,None,0.00844,5.74706413104
30,0.874308376836,0.286204653365,None,0.021832,4.4192220077
30,0.29476193145,0.668315245601,None,0.0,30.6086195433
30,0.594672681205,0.915128114146,None,3e-06,20.774839557
30,0.644221476976,0.863606985743,None,1.5e-05,18.0973387635
30,0.942479573462,0.243858924634,None,0.044825,3.49301520718
30,0.68075386045,0.168039038272,None,0.051171,3.33237481044
30,0.457797958762,0.362751885979,None,0.000376,10.6971871914
30,0.607601929458,0.745956324538,None,1.9e-05,16.574026337
30,0.588186386579,0.275009419144,None,0.005687,6.31199096607
30,0.316296647516,0.60641453772,None,0.0,25.8826526411
30,0.412905640799,0.656436088029,None,1e-06,21.4622575057
30,0.516811559326,0.244382521045,None,0.005464,6.38368855063
30,0.364186104991,0.243135099848,None,0.00095,9.01276518506
30,0.425388652311,0.753434976248,None,0.0,23.9107745919
30,0.737108268842,0.493575744529,None,0.001002,9.03974739236
30,0.613938256102,0.633782967536,None,5.4e-05,13.9363689698
30,0.484342972265,0.319425412564,None,0.001091,8.90328407045
30,0.605886122114,0.579570635269,None,0.000105,12.9136537223
30,0.492463862808,0.548939591458,None,3.7e-05,15.0481792561
30,0.512813874765,0.515421089692,None,8.2e-05,13.5686358214
30,0.732870319543,0.255327010341,None,0.017672,4.70330773083
30,0.44042665029,0.62745746969,None,8e-06,19.2328866458
30,0.442674401831,0.947044172473,None,0.0,28.8814900421
30,0.36038783509,0.759477977721,None,0.0,28.449774662
30,0.551010900082,0.46328693732,None,0.000272,11.3507258257
30,0.472791645916,0.571762871523,None,1.7e-05,16.3260049796
30,0.680848353809,0.348998194267,None,0.003775,6.92000736471
30,0.595209229235,0.259802994969,None,0.007545,5.89261768771
30,0.642947779689,0.567317784199,None,0.000204,11.9119939887
30,0.849752768185,0.417009532243,None,0.004572,6.62501953045
30,0.583342595743,0.432471334483,None,0.000543,10.0084633938
30,0.461038511854,0.759056824937,None,0.0,22.2264884021
30,0.817603438672,0.191997581528,None,0.058175,3.17020113667
30,0.694187382749,0.657295797835,None,0.000111,12.7825620161
30,0.429909541734,0.75815967133,None,1e-06,23.8076957345
30,0.533294223407,0.528260793282,None,8.3e-05,13.3725819562
30,0.725230761033,1.06720304821,None,6e-06,19.8657336739
30,0.546240479642,0.408180698976,None,0.000518,10.0879367999
30,0.533496628281,0.433372991849,None,0.000316,10.9663961866
30,0.512074274315,0.316514719161,None,0.001525,8.34439245048
30,0.651153194123,0.533214231068,None,0.00031,11.0548365337
30,0.709864415806,0.477580906691,None,0.00097,9.08249814581
30,0.585765438968,0.790837687277,None,8e-06,18.226252469
30,0.749541526075,0.679883230195,None,0.000172,12.245383729
30,0.462851555187,0.521906067456,None,3.6e-05,15.222444068
30,0.532159052264,0.180146227526,None,0.019611,4.57001353496
30,0.564579420149,0.329351213624,None,0.001958,7.87531607644
30,0.409585156218,0.310767285416,None,0.000449,10.2429453056
30,0.497654319838,0.727711773984,None,3e-06,19.7408292406
30,0.753601093991,0.532537300507,None,0.000778,9.53986613629
30,0.371757969612,0.206138324501,None,0.002556,7.48569663126
30,0.415162086883,0.35812031662,None,0.000223,11.6451487916
30,0.880345334568,0.601198835001,None,0.000842,9.21931877619
30,0.638664452335,0.254533979197,None,0.010815,5.38030370501
30,0.383083657679,0.366318376511,None,0.000122,12.909185719
30,0.346716838717,0.459043096969,None,1.3e-05,17.8736107309
30,0.432592827178,0.708430400458,None,2e-06,22.1081113817
30,0.601839889333,0.173976391632,None,0.032738,3.90250185914
30,0.509340949822,0.566006096094,None,4.3e-05,15.0019005932
30,0.546302613453,0.281546579576,None,0.003704,6.95746044534
30,0.460055464927,0.536032828888,None,3.5e-05,15.7295016398
30,0.756650612252,0.526424502059,None,0.000794,9.39235449324
30,0.51424359364,0.698725737709,None,1.4e-05,18.343052934
30,0.364253870882,0.415438816367,None,3e-05,15.3970196868
30,0.3334788126,0.230780411034,None,0.000872,9.34252921398
30,0.481144025483,0.534111597984,None,3.7e-05,14.9861708572
30,0.519613767906,0.244959485138,None,0.005379,6.36425216887
30,0.541654847351,0.368020753461,None,0.000902,9.1724096923
30,0.611747635794,0.0571650274042,None,0.298462,1.26151344902
30,0.531570453827,0.923967352755,None,0.0,23.4654864137
30,0.314610602779,0.674835651948,None,0.0,28.9573244538
30,0.441054071335,0.238618755017,None,0.00289,7.30376024639
30,0.378090425775,0.648785403578,None,1e-06,23.1653656142
30,0.520683654219,0.716191542806,None,1.1e-05,18.5690212273
30,0.452076402563,0.335488334863,None,0.000543,10.0184227599
30,0.603495398479,0.408209524932,None,0.000962,9.13151715899
30,0.910597490082,0.597845056982,None,0.001086,8.86331047159
30,0.421444660203,0.760499951777,None,0.0,24.3608480982
30,0.876164616427,0.543897810236,None,0.001447,8.38041196885
30,0.678340512755,0.553538129659,None,0.000329,11.0162442164
30,0.500607965731,0.430090433515,None,0.000248,11.5983389197
30,0.639890171826,0.317924201994,None,0.004359,6.70736466334
30,0.543335730617,0.638575236632,None,2.9e-05,15.8663699233
30,0.684020044154,0.565535519574,None,0.000289,11.1615581729
30,0.456424712611,0.73674999719,None,1e-06,21.7913813324
30,0.784471135061,0.43306138653,None,0.002638,7.45257340501
30,0.781460104509,0.889908064939,None,2.7e-05,15.373476915
30,0.522608812529,0.534593164552,None,7.5e-05,13.8095790741
30,0.422157895444,0.492148546819,None,2.4e-05,15.738199981
30,0.648465834947,0.465675338153,None,0.000642,9.69460028003
30,0.430546297347,0.111959732363,None,0.043983,3.51055483746
30,0.303919070053,0.419926386879,None,9e-06,18.6530125335
30,0.366810348598,0.323116070664,None,0.000212,11.8918862858
30,0.510649434396,0.543288616826,None,6.5e-05,14.3628795669
30,0.586983960739,0.239048522556,None,0.009653,5.49785900529
30,0.590743707473,0.329683545389,None,0.002533,7.53410964255
30,0.64027409743,0.460699680087,None,0.000704,9.71372371011
30,0.449379961898,0.813992419459,None,0.0,24.4534660964
30,0.352309016715,0.412033793696,None,2.5e-05,15.7885718247
30,0.470404107003,0.70032408012,None,7e-06,20.0984110063
30,0.491189149569,1.05607480949,None,0.0,29.0254985082
30,0.444452854831,0.547243670417,None,2.4e-05,16.6222119407
30,0.569784187902,0.380893909285,None,0.000998,9.02458840476
30,0.469005006855,0.407728127319,None,0.000195,11.7361854103
30,0.45297928461,0.492702993463,None,4.9e-05,14.6838732757
30,0.652040440414,0.671942351896,None,7.8e-05,13.9120538978
30,0.579983209509,0.64348201321,None,4.1e-05,14.9780321842
30,0.5831089236,0.299853261358,None,0.003719,6.94213184622
30,0.662752926961,0.252809481719,None,0.01261,5.14962343336
30,0.76280752304,0.223228178637,None,0.031618,3.95064327576
30,0.725653331749,0.414465991728,None,0.002171,7.71069413385
30,0.637827758598,0.564886374436,None,0.000176,11.9561526636
30,0.502314491989,0.271966361117,None,0.003015,7.30925731516
30,0.502102096998,0.453627348767,None,0.000162,12.1966612865
30,0.600740134836,0.376020953555,None,0.001458,8.45004783037
30,0.538453922053,0.777773909633,None,0.0,19.5001788454
30,0.735503836623,0.360546512742,None,0.004726,6.6177464748
30,0.430078426181,0.542618352229,None,1.1e-05,17.0325859405
30,0.400139970523,0.232163755505,None,0.00208,7.83278585047
30,0.681883959098,0.766526455122,None,3.8e-05,15.1757597551
30,0.572468305007,0.496409720459,None,0.00022,11.7063794931
30,0.330244649017,0.411670793297,None,2.5e-05,16.8286018443
30,0.696320780533,0.845214619675,None,2e-05,16.3866965982
30,0.672136604205,0.454015614117,None,0.000912,9.1189956807
30,0.703149611381,0.607882678166,None,0.000227,11.6709389046
30,0.768328065507,0.682708446568,None,0.000167,11.9956102639
30,0.598116812474,0.856019657471,None,5e-06,19.3210843348
30,0.45733892195,0.723394842583,None,1e-06,21.3535955637
30,0.631447023749,0.499682770115,None,0.000392,10.6829506559
30,0.628190171575,0.806379895697,None,1.4e-05,17.3293519773
30,0.527881296463,0.784324027357,None,1e-06,20.0582487772
30,0.802313730147,0.713136433008,None,0.000184,11.9994728793
30,0.638421283839,0.448250106109,None,0.000768,9.47865709627
30,0.372687308272,0.718043245773,None,1e-06,26.0099649298
30,0.839690297732,0.40495609994,None,0.00489,6.51062345719
30,0.646256279432,0.646328162251,None,7.7e-05,13.5015015994
30,0.594422886172,0.849881264866,None,3e-06,19.3017418114
30,0.819678584154,0.618631450541,None,0.000521,10.1887797775
30,0.683735789001,0.688389075353,None,6.3e-05,13.5918766675
30,0.593051957673,0.449926080439,None,0.000458,10.2419391882
30,0.734827035535,0.770038279057,None,6.1e-05,14.1468893557
30,0.783907465064,0.181347982403,None,0.060184,3.12306984121
30,0.561082190094,0.184343887034,None,0.021601,4.4354330237
30,0.518186241911,0.318554048283,None,0.001518,8.2991004083
30,0.576741395056,0.436618514824,None,0.000518,10.2200917095
30,0.606611515284,0.275081820955,None,0.006364,6.12188276901
30,0.352251585223,0.657246865974,None,1e-06,25.1889077661
30,0.624127936818,0.387541440733,None,0.001486,8.3825913587
30,0.581385422167,0.551049374836,None,0.00012,12.7955849539
30,0.581066811554,0.472813540932,None,0.000299,10.9849378344
30,0.647080060499,0.807998097005,None,1.9e-05,16.8572252113
30,0.53993181914,0.541374809586,None,8.1e-05,13.5360793166
30,0.652674549859,0.500200436645,None,0.000461,10.3462068441
30,0.422298167273,0.53240147983,None,1.1e-05,17.0197754447
30,0.555903160978,0.693091004888,None,1.8e-05,16.8315800715
30,0.458072313582,0.362047122112,None,0.000367,10.6700099604
30,0.564181499967,0.763096159751,None,8e-06,18.2597234352
30,0.979258819502,0.558934172059,None,0.002182,7.70543105921
30,0.429065073885,0.386482037504,None,0.000165,12.1601776138
30,0.72075585468,0.473424051181,None,0.001077,8.86739198778
30,0.969160503553,0.167472279521,None,0.116644,2.33281872842
30,0.712271126496,0.378045967997,None,0.003147,7.16527790908
30,0.452892644045,0.710681759005,None,3e-06,21.1842781567
30,0.511353862312,0.665348350708,None,1.1e-05,17.565532201
30,0.661520429627,0.27556913515,None,0.008998,5.62368622027
30,0.65340165304,0.433160411715,None,0.001082,8.9495726418
30,0.442491512464,0.255161999605,None,0.002209,7.78475269613
30,0.58531111125,0.235556576297,None,0.010371,5.43303162862
30,0.817806520297,0.305028865122,None,0.013871,5.03528594717
30,0.407560618483,0.287364290433,None,0.000757,9.51862801487
30,0.406856518412,0.280803851074,None,0.000791,9.31741736446
30,0.620493950395,0.490831323754,None,0.000356,10.6789483869
30,0.508791498018,0.592481653097,None,2.5e-05,15.7205895695
30,0.586779718874,0.511001738056,None,0.000219,11.7565812891
30,0.478531880893,0.611300285526,None,5e-06,17.2455675037
30,0.657678494955,0.659008370685,None,7e-05,13.5272980225
30,0.628931062418,0.430522052068,None,0.000933,9.24115225056
30,0.587544487545,0.596074644483,None,7.7e-05,13.6959972753
30,0.540117337319,0.391358922986,None,0.000645,9.78184756398
30,0.541769006887,0.765770185768,None,8e-06,19.0817440209
30,0.370327528187,0.492291978112,None,1.1e-05,17.9461184996
30,0.490105679696,0.484040302688,None,8.3e-05,13.332928707
30,0.626311718578,0.560313702714,None,0.000167,12.0774284789
30,0.505206145648,0.504879720621,None,6.9e-05,13.4912773471
30,0.49607644339,0.431716947674,None,0.000213,11.7485497875
30,0.509034832763,0.45971888193,None,0.00015,12.1921025961
30,0.463589096555,0.3279762938,None,0.000757,9.55087166458
30,0.490620186895,0.629262331087,None,6e-06,17.3149040675
30,0.563086978342,0.779945012116,None,3e-06,18.6991673908
30,0.5756142306,0.346464669983,None,0.001727,8.12570780244
30,0.626834714946,0.39026333595,None,0.001451,8.40501476658
30,0.260199919024,0.640080394536,None,0.0,33.2094082068
30,0.406802869772,0.516941473308,None,2.5e-05,17.1550163684
30,0.380935894399,0.756179906808,None,2e-06,26.7982852023
30,0.598571066921,0.377733889532,None,0.001392,8.51930170115
30,0.389152483855,0.561593381778,None,8e-06,19.4821078331
30,0.364918636734,0.228601095604,None,0.001353,8.45699418993
30,0.600994016111,0.617468129467,None,6.4e-05,13.8700544837
30,0.520279187825,0.358427429178,None,0.000834,9.30033414202
30,0.436363787993,0.512111424455,None,3.2e-05,15.8434416887
30,0.653031849984,0.161739089946,None,0.050428,3.34360064418
30,0.641222792234,0.48317498081,None,0.000518,10.1725364724
30,0.341507190689,0.362566221069,None,6.2e-05,14.3324770836
30,0.5307836527,0.723987313694,None,6e-06,18.4139595957
30,0.397836176216,0.254888565869,None,0.0013,8.64927788108
30,0.523551894786,0.205980246316,None,0.011476,5.31128499956
30,0.736902606701,0.302729253918,None,0.009501,5.54597702698
30,0.435790817391,0.455106039409,None,6.7e-05,14.0983501415
30,0.384082146244,0.644565660879,None,2e-06,22.6556649585
30,0.635115354498,0.748665119477,None,2.5e-05,15.9136116634
30,0.493251320314,0.798055875175,None,5e-06,21.8423223034
30,0.537735661002,0.552932195825,None,7.8e-05,13.8815131392
30,0.492864296165,0.290769215186,None,0.001933,7.96443247269
30,0.884910961447,0.0512455146953,None,0.467896,0.78178989585
30,0.940874710213,0.497491110484,None,0.003274,7.13817676108
30,0.801696009181,0.911079002402,None,3e-05,15.3419330913
30,0.596137726707,0.526776505202,None,0.000203,11.9292614804
30,0.90815428826,0.534053182348,None,0.001954,7.93886903899
30,0.553098323804,0.137359526456,None,0.0504,3.3526653894
30,0.741413287435,0.643652136559,None,0.000233,11.7199192283
30,0.46200670883,0.436430007112,None,0.000112,12.7526396985
30,0.608723582762,0.416414636873,None,0.000877,9.23505800823
30,0.527115190848,0.543037791949,None,7.7e-05,13.9077953331
30,0.837378522137,0.95057486265,None,3.1e-05,15.3249221308
30,0.607673612047,0.39315081126,None,0.001181,8.73418862822
30,0.626214263207,0.377304736734,None,0.001833,8.13397944631
30,0.414410881556,0.396074050846,None,0.000133,12.9026527159
30,0.623594418735,0.636660655298,None,6.7e-05,13.7828668575
30,0.741929937897,0.389707029428,None,0.003362,7.09102656268
30,0.797763946042,0.382040009421,None,0.00522,6.46499525676
30,0.794432653513,0.780372345756,None,8.5e-05,13.2610695458
30,0.531143683353,0.28806679155,None,0.002855,7.32175079514
30,0.526703989045,0.757164174154,None,5e-06,19.406946907
30,0.73936593294,0.609163978324,None,0.000312,11.1226570511
30,0.569840586751,0.775367661431,None,9e-06,18.3691082606
30,0.496011981118,0.453950673533,None,0.000138,12.3552138375
30,0.574027259917,0.575785124431,None,8.5e-05,13.54134154
30,0.580056592675,0.404651230105,None,0.000757,9.41768730051
30,0.60810809442,0.56219609775,None,0.000129,12.480753651
30,0.522828509017,0.295783556757,None,0.002369,7.63745271606
30,0.524587230193,0.244332351205,None,0.005787,6.28777551457
30,0.565438704874,0.419060554651,None,0.00056,10.0051825937
30,0.473852428471,0.186700783597,None,0.011251,5.31908338361
30,0.415952039929,0.281478685738,None,0.000927,9.13557788566
30,0.547109176652,0.173326535665,None,0.02438,4.27685794964
30,0.698726556107,0.433022579001,None,0.001433,8.36636988449
30,0.448619930968,0.376803435832,None,0.000265,11.3388773717
30,0.975553950665,0.414164327281,None,0.008372,5.7313267139
30,0.590227417051,0.377175529957,None,0.001301,8.62696226458
30,0.594842947442,0.739105497188,None,1.9e-05,16.7740480995
30,0.903156724258,0.838534637006,None,0.000147,12.5340567097
30,0.214811530097,0.297830477101,None,1e-05,18.7173911895
30,0.483901735064,0.263501149053,None,0.002811,7.35121462573
30,0.565371068569,0.867423763952,None,5e-06,20.7124514577
30,0.669631430169,0.742355933828,None,5.6e-05,14.9661510126
30,0.647822763138,0.335187637582,None,0.00358,6.98498627224
30,0.64837099553,0.628330692236,None,0.000115,13.082732577
30,0.432485148994,0.651476442196,None,7e-06,20.3358011023
30,0.767325319028,0.648944187566,None,0.000267,11.4172519985
30,0.630427841182,0.248410798354,None,0.01132,5.31947601091
30,0.343639034522,0.249947510454,None,0.00061,9.81929016248
30,0.790221496237,0.387282250484,None,0.004579,6.6162593734
30,0.313879008612,0.873018550061,None,0.0,37.5487054006
30,0.506529689438,0.206529543224,None,0.010041,5.50441344635
30,0.606475116591,0.443268558802,None,0.000621,9.86705864778
30,0.926921604966,0.701206906695,None,0.000507,10.2126147343
30,0.537550071994,0.525377215601,None,0.000104,13.1942916207
30,0.569145492454,0.80121412967,None,7e-06,19.0046146266
30,0.716967541672,0.331039541306,None,0.005964,6.23324425149
30,0.646359993474,0.338083677837,None,0.003489,7.06128116974
30,0.45091714514,0.517083312528,None,2.5e-05,15.4809476516
30,0.4669362628,0.145240317023,None,0.025792,4.19916900019
30,0.908644362117,0.31266252571,None,0.018219,4.64532029589
30,0.820032056639,0.470227175852,None,0.002275,7.74124233634
30,0.875138843731,0.340407070274,None,0.011728,5.25116155182
30,0.606104291878,0.250210931474,None,0.009281,5.57304678446
30,0.715602372052,0.453851845601,None,0.001354,8.56201733659
30,0.551222292542,0.62577515825,None,2.6e-05,15.3258762403
30,0.473908083119,0.270276716419,None,0.002248,7.69924760018
30,0.538749863933,0.267626238845,None,0.004322,6.70618122858
30,0.665619273226,0.432165678926,None,0.001169,8.76512580116
30,0.624551005901,0.119362618789,None,0.094398,2.58008607532
30,0.80924680122,0.658899808082,None,0.000291,10.9918845471
30,0.290167837245,0.724287541287,None,0.0,33.6973315176
30,0.518106878939,0.422536086484,None,0.000351,11.0097692183
30,0.694581633549,0.235238632542,None,0.019659,4.57213578063
30,0.643897742943,0.275484017066,None,0.008076,5.77581498172
30,0.651058455967,0.86273684915,None,8e-06,17.8892499695
30,0.508100578676,0.385154795168,None,0.000504,10.2333867604
30,0.587028837812,0.443380214942,None,0.000552,10.1964886836
30,0.498333843277,0.154431461625,None,0.026385,4.18359049876
30,0.410285073765,0.942339413801,None,0.0,31.0066899816
30,0.287107421422,0.607220967347,None,0.0,28.5519720061
30,0.604243568404,0.698538399056,None,3.9e-05,15.6067335763
30,0.584864240873,0.6363514852,None,5e-05,14.688442975
30,0.746338900715,1.08963812802,None,2e-06,19.7096985219
30,0.783682352557,0.405387333192,None,0.0036,6.98335107359
30,0.705383847523,0.416902683406,None,0.001875,7.9788986461
30,0.813088234027,0.506929552608,None,0.001472,8.41673593814
30,0.672633331487,0.262456260589,None,0.011557,5.26759432234
30,0.450374975716,0.752241424036,None,0.0,22.5484535599
30,0.681856669386,0.298769001297,None,0.00741,5.91529231671
30,0.443033812198,0.535308340888,None,1.9e-05,16.3117631274
30,0.524543189271,0.383565418194,None,0.00058,9.8717002747
30,0.38314451405,0.469068176057,None,2.6e-05,16.5274984883
30,0.622378915489,0.280819092738,None,0.006507,6.09123744012
30,0.563369410889,0.513889928393,None,0.000157,12.3143250223
30,0.266702120891,0.713597970207,None,0.0,36.1210948215
30,0.496192146642,0.415780993442,None,0.00027,11.3122375061
30,0.591215717215,0.621561529845,None,7.4e-05,14.1929255407
30,0.59090274647,0.340784896716,None,0.002093,7.78570777198
30,0.570993208654,0.458559639275,None,0.000371,10.841731629
30,0.842805122131,0.0733069939638,None,0.324376,1.17422686755
30,0.554153136824,0.935092207162,None,4e-06,22.7802460328
30,0.371625880259,0.510994135342,None,1e-05,18.5628105941
30,0.514920356663,0.608408754482,None,2.5e-05,15.9510457864
30,0.871900387413,0.398027083199,None,0.006313,6.1628205478
30,0.743812065349,0.57188333573,None,0.000455,10.3795372407
30,0.743494658705,0.284859732216,None,0.012395,5.17233895347
30,0.811597136729,0.631868554376,None,0.000423,10.5104184059
30,0.84373009109,0.386127783504,None,0.006176,6.17819031507
30,0.604982245838,0.202835548846,None,0.020224,4.52621531998
30,0.246135121613,0.59399039593,None,0.0,32.5791390213
30,0.566159525008,0.545242192967,None,0.000109,13.0012289468
30,0.40853506679,0.788380419226,None,1e-06,26.0519512882
30,0.432417859108,0.694881208012,None,4e-06,21.6940538199
30,0.376505203851,0.634447636696,None,2e-06,22.7488040213
30,0.51646072869,0.61997389901,None,1.9e-05,16.2057774613
30,0.386516826781,0.173622830468,None,0.006708,6.06418155411
30,0.5655302694,1.02776006711,None,0.0,24.5340729872
30,0.601267554283,0.504674935933,None,0.00028,11.3312477724
30,0.357292351038,0.590010705806,None,1e-06,22.2930731801
30,0.640330571472,0.44635133792,None,0.000779,9.41036291312
30,0.433826702655,0.558463503066,None,1.3e-05,17.3784998601
30,0.334319361213,0.783819777732,None,0.0,31.6510744726
30,0.543338995263,0.351914997415,None,0.00117,8.74380912564
30,0.853903167115,0.491113196485,None,0.002176,7.76437939088
30,0.901553525225,0.627477224939,None,0.000835,9.39593967487
30,0.513633306081,0.380639492181,None,0.000534,10.0044780656
30,0.315984235882,0.180654693646,None,0.002277,7.71822795972
30,0.567947581971,0.16841992491,None,0.029835,4.00330780244
30,0.30416692927,0.630298284284,None,0.0,27.9748586023
30,0.710254068575,0.633788662968,None,0.000176,12.0466004049
30,0.437746489361,0.290830111468,None,0.000985,8.96913304901
30,0.830498694508,0.620431013653,None,0.000552,10.0852882006
30,0.616738416645,0.969562096689,None,2e-06,21.22307927
30,0.491570989984,0.434334348887,None,0.000194,11.9281117671
30,0.583856914247,0.621563050954,None,6.3e-05,14.3718451955
30,0.502121315011,0.867690743166,None,0.0,23.328675128
30,0.707102308005,0.362836558115,None,0.003744,6.92727697123
30,0.628641160701,0.376390211571,None,0.00172,8.08293852496
30,0.422955751809,0.711561697929,None,3e-06,22.7117916732
30,0.687851714847,0.549184093194,None,0.000355,10.778464454
30,0.80591422209,0.388924670156,None,0.004893,6.51494030405
30,0.607241200108,0.321727826242,None,0.003072,7.15255429556
30,0.490743939835,0.338640438488,None,0.00087,9.31574605103
30,0.54493202755,0.184649989913,None,0.019337,4.57446936094
30,0.747133453009,0.357177577341,None,0.005231,6.45386346267
30,0.704705305526,0.2389076046,None,0.019604,4.57673957726
30,0.870905221915,0.368077133216,None,0.008492,5.705605126
30,0.750083576202,0.391367226383,None,0.003502,7.04382514669
30,0.517212071411,0.437464685103,None,0.000268,11.4184752741
30,0.392420947799,0.26919536579,None,0.000886,9.26081407874
30,0.718093079422,0.231641959419,None,0.022695,4.35482048465
30,0.556709941343,0.598235131023,None,5.4e-05,14.5069697324
30,0.510674180652,0.39506406542,None,0.000431,10.443772341
30,0.740356130245,0.545236071442,None,0.000579,9.94208957523
30,0.581044758672,0.15712941219,None,0.039606,3.6507464062
30,0.431255237536,0.389196665636,None,0.000145,12.1833998263
30,0.611580028596,0.371674966179,None,0.001659,8.20434253704
30,0.544838787904,0.278868877796,None,0.003765,6.90980512736
30,0.623090311006,1.16220487183,None,1e-06,25.1805645067
30,0.791628774424,0.42838530994,None,0.002891,7.30544653129
30,0.62585060198,0.326889448284,None,0.003381,7.05121563816
30,0.514665915164,0.345290878477,None,0.00097,9.05718976543
30,0.49977640631,0.610358905426,None,2.6e-05,16.4870632531
30,0.48609286581,0.583191375648,None,2.3e-05,16.1966655448
30,0.820442366775,0.342025977857,None,0.009144,5.62787940756
30,0.778386247594,0.766927054179,None,9.7e-05,13.3012566234
30,0.583129496885,0.561916282904,None,0.00012,13.0088940102
30,0.508006586785,0.526377822749,None,6.8e-05,13.9882056492
30,0.341640579755,0.64304005422,None,0.0,25.4098641859
30,0.491536121458,0.117621529893,None,0.05524,3.23046584825
30,0.618070104833,0.422704576141,None,0.000882,9.2327904768
30,0.663339706269,0.477072774738,None,0.000671,9.7091767583
30,0.744476832748,0.756299165648,None,8.6e-05,13.7143807398
30,0.634775884319,0.219526800355,None,0.018008,4.66875298511
30,0.575236460757,0.619287384784,None,4.2e-05,14.5338139442
30,0.411806790014,0.574560562801,None,4e-06,18.8354533871
30,0.557816955271,0.295139212219,None,0.003171,7.1428079181
30,1.11295941911,0.33159757515,None,0.029366,4.02221966735
30,0.361700995608,0.598481210889,None,3e-06,22.3375009887
30,0.571029713221,0.688589707393,None,1.7e-05,16.2792948153
30,0.53603079257,0.445621000616,None,0.000279,11.2230185126
30,0.56422095041,0.332619175343,None,0.001845,7.95851140209
30,0.80787337467,0.643058588393,None,0.000394,10.7458559912
30,0.49752711908,0.333249409109,None,0.000983,9.04245587917
30,0.934349202403,0.303980133283,None,0.022217,4.39207502802
30,0.897888014235,0.392637341905,None,0.007462,5.9034133786
30,0.599980565301,0.474450121156,None,0.000398,10.675473517
30,0.706011439997,0.297488760604,None,0.008747,5.68843228401
30,0.752168869427,0.438248929845,None,0.002072,7.86573440271
30,0.662699872412,0.599570380612,None,0.000152,12.2139757003
30,0.637358593631,0.359751691133,None,0.002404,7.61996131977
30,0.7553516379,0.248113523573,None,0.021837,4.43440167489
30,0.382436875279,0.882302177994,None,0.0,31.1452168263
30,0.674392570441,0.521333417597,None,0.00043,10.4360597166
30,0.567701111694,0.252594442392,None,0.006936,6.00672590216
30,0.82473733703,0.583980079029,None,0.000717,9.55908107093
30,0.48837394739,0.374036492759,None,0.000442,10.3393980765
30,0.828749744192,0.911133705254,None,3.8e-05,14.8420015899
30,0.637175557052,0.637950915107,None,9.7e-05,13.5164277076
30,0.752468465821,0.595278409466,None,0.000396,10.679860875
30,0.835956805728,0.676261983801,None,0.000339,10.9210628094
30,0.507535538273,0.435420509896,None,0.000242,11.5818035198
30,0.336168582807,0.441036443637,None,1.7e-05,17.7113278682
30,0.602255386223,0.750834856749,None,1.9e-05,16.8305187433
30,0.43860833397,0.579632320761,None,1e-05,17.8406011109
30,0.693474089277,0.265174481063,None,0.012508,5.16220512014
30,0.455335532928,0.368629035455,None,0.00032,10.9292853704
30,0.626386319896,0.844054451087,None,9e-06,18.1912259699
30,0.637009662021,0.376805868574,None,0.001818,7.98556054803
30,0.848740947339,0.560593927957,None,0.001076,8.91675846576
30,0.993848193039,0.402535061438,None,0.010278,5.46786055201
30,0.731762959147,0.623019337805,None,0.000234,11.4938327436
30,0.490436454604,0.408795358461,None,0.00026,11.2527062118
30,0.756550182391,0.680891347638,None,0.000183,12.1499318975
30,0.851780517348,0.109116520338,None,0.196859,1.72940445874
30,0.79784186782,0.596447319444,None,0.000523,10.0922740925
30,0.544423494307,0.56047774698,None,7.3e-05,13.8980952574
30,0.480121827292,0.12660057387,None,0.04253,3.55973765426
30,0.524756849564,0.726649618062,None,1e-05,18.6939338705
30,0.362168063604,0.408077224831,None,3.6e-05,15.2112874902
30,0.478755651409,0.295787058255,None,0.001533,8.34063321173
30,0.666328416496,0.625435814292,None,0.000133,12.6715044472
30,0.656663487679,0.349646957103,None,0.003076,7.18820828241
30,0.516857820441,0.278882242117,None,0.002907,7.28422811783
30,0.691497107793,0.474237088412,None,0.000895,9.25846344317
30,0.894756237685,0.520272871595,None,0.002082,7.84982933977
30,0.570765716993,0.369849681888,None,0.001246,8.74784619475
30,0.464226331352,0.500585411116,None,4.8e-05,14.5573454017
30,0.559830408965,0.448530505996,None,0.000364,10.8160645331
30,0.777488324687,0.722533691023,None,0.000126,12.5457894596
30,0.385362939465,0.366160315924,None,9.6e-05,12.827295411
30,0.434605086877,0.388313753908,None,0.00016,12.062067003
30,0.585057445122,0.788156356879,None,1.2e-05,18.1864377705
30,0.562770262617,0.411407693978,None,0.000643,9.86904290729
30,0.454158582968,0.631886195044,None,7e-06,18.7830065378
30,0.512012352036,0.326957235678,None,0.00125,8.62073476178
30,0.547616268718,0.767293948644,None,6e-06,18.9155598517
30,0.644021940008,0.516568949086,None,0.000362,10.828328011
30,0.75160795571,0.467762876919,None,0.001459,8.40171899517
30,0.592670000943,0.28559041626,None,0.00497,6.50525691089
30,0.626010441855,0.24699067408,None,0.011179,5.32638735257
30,0.707990754133,0.483004484084,None,0.00092,9.2099515383
30,0.619445730831,0.283409442127,None,0.006173,6.1765337596
30,0.4168777932,0.553113326187,None,9e-06,17.9117957956
30,0.411095575976,0.415345091172,None,7.2e-05,13.6395501642
30,0.690874087561,0.873515075975,None,1.4e-05,17.0688895965
30,0.57073222234,0.557683936753,None,8e-05,13.1913581387
30,0.612984032528,0.587097167457,None,0.000107,12.9298829008
30,0.633978178526,0.537063973687,None,0.000243,11.4362984253
30,0.569952805267,0.395994309055,None,0.00083,9.37958919202
30,0.534197175872,0.582448116724,None,3.9e-05,14.7193769097
30,0.581079105404,0.247033135814,None,0.008319,5.73923120358
30,0.49896039208,0.710331910089,None,4e-06,19.2189218592
30,0.538510368212,0.710039720523,None,1.3e-05,17.8000959552
30,0.869545365357,0.285982251014,None,0.021647,4.43997581092
30,0.606694818322,0.327889634684,None,0.002955,7.29610660015
30,0.904586617958,0.338858914331,None,0.013632,5.0571114503
30,0.511898698303,0.504051964533,None,9.5e-05,13.2930627559
30,0.80769954775,0.0471681543856,None,0.464796,0.788374942118
30,0.416503128352,0.593755803655,None,7e-06,19.2452416409
30,0.659024669885,0.707328320148,None,5.2e-05,14.4894914536
30,0.562233618675,0.397661041598,None,0.000721,9.54838679732
30,0.404220837066,0.226168255542,None,0.002512,7.55347367044
30,0.622991333438,0.27952542503,None,0.006698,6.05721626509
30,0.388076453913,0.71296809589,None,1e-06,24.8019924874
30,1.18157274694,0.314381697992,None,0.041346,3.59195228046
30,0.436415036501,0.536498211283,None,2e-05,16.5959585407
30,0.879727319649,0.333823196385,None,0.012974,5.12273866065
30,0.696726088232,0.47282608187,None,0.000888,9.16163785606
30,0.491213042582,0.475423872522,None,0.0001,13.066066498
30,0.254254983233,0.448813494526,None,0.0,23.8303379507
30,0.665600680422,0.785707432835,None,2.8e-05,15.9360569411
30,0.889092240754,0.521235162901,None,0.001962,7.91444844148
30,0.536768305233,0.658004109539,None,1.9e-05,16.5491430701
30,0.495163166529,0.357907902995,None,0.000638,9.75790813421
30,0.501385958981,0.475445442847,None,0.000128,12.8015421323
30,0.796713056574,0.302127000153,None,0.013099,5.1194272121
30,0.563069538741,0.56765324726,None,8.8e-05,13.6098977315
30,0.658955989166,0.170595977001,None,0.044771,3.49499166467
30,0.865592029712,0.139091967136,None,0.13385,2.16931474861
30,0.484183442382,0.629134258561,None,7e-06,17.5415178363
30,0.529062208823,0.589126354724,None,4.2e-05,15.0326476852
30,0.476202719437,0.782857426927,None,1e-06,22.193437442
30,0.477220437207,0.260768586439,None,0.002785,7.37683393764
30,0.72644052079,0.190515383739,None,0.043039,3.54049314
30,0.300501789261,0.657169894357,None,0.0,29.5232637238
30,0.903620755029,1.10002781477,None,2.6e-05,16.4343010237
30,0.531236073586,0.324317994995,None,0.001579,8.24170863034
30,0.494218607723,0.348599265666,None,0.000703,9.52228429475
30,0.549946281756,0.376320267901,None,0.000888,9.23785428723
30,0.597432853079,0.939131585427,None,3e-06,21.2212574818
30,0.475885623363,0.342618964106,None,0.000706,9.71946994899
30,0.325991506388,0.222163420087,None,0.000889,9.20025863375
30,0.544580526284,0.256005706616,None,0.005595,6.34631036643
30,0.704740963674,0.275384100048,None,0.011697,5.27525082588
30,0.200129361745,0.65620961918,None,0.0,44.2655179715
30,0.790401416259,0.377659603738,None,0.004944,6.45039918399
30,0.776842830484,0.256915440235,None,0.021192,4.46468488485
30,0.366987241503,0.767952835645,None,0.0,28.2499283592
60,1.59371600022,0.844573300515,None,9e-06,15.1032800457
60,1.01860301229,0.72009501451,None,1e-06,20.1478963502
60,1.6452631216,1.6200993404,None,0.0,28.0641014773
60,0.928505200405,0.893388207319,None,0.0,27.4221015644
60,1.39583259278,1.0626987175,None,0.0,21.6980987586
60,1.44323319807,0.957487373494,None,1e-06,18.9078176563
60,0.930765423786,0.882829223704,None,0.0,27.0321954733
60,1.32926530699,0.902118831146,None,0.0,19.3418022366
60,1.4646110412,0.757395592871,None,8e-06,14.7382300076
60,1.69067631607,1.43903283951,None,0.0,24.2580058266
60,1.27971488046,1.22775342932,None,0.0,27.3427880459
60,0.968426595306,1.134894668,None,0.0,33.3990187741
60,1.00526385255,0.543339132138,None,3e-06,15.4040804577
60,1.17321553926,0.547326524728,None,2.5e-05,13.2957716913
60,1.09062878859,1.04678019892,None,0.0,27.3541611787
60,1.24340682697,0.888840531873,None,0.0,20.3730224163
60,1.28297533774,1.32936385047,None,0.0,29.5304739101
60,1.43136440349,0.88155073958,None,0.0,17.5526204346
60,1.26684132324,0.948050229359,None,0.0,21.3281892855
60,1.17101389624,0.798571547346,None,0.0,19.4355414333
60,0.987104523998,1.26582076549,None,0.0,36.5471851657
60,1.51583597122,0.59752168748,None,7.9e-05,11.2343079439
60,1.55803308302,1.00990644007,None,0.0,18.4735060223
60,1.02943946825,1.05064776548,None,0.0,29.0871510563
60,1.60576230812,1.45742002,None,0.0,25.8671351046
60,1.33655601594,0.939027058079,None,0.0,20.0233067945
60,1.21586471058,0.821324924365,None,0.0,19.2519448428
60,1.36518162127,0.540574563312,None,8.2e-05,11.2852200867
60,1.39105072345,0.930503013055,None,0.0,19.0642479279
60,0.986942999648,0.681915857323,None,0.0,19.6917166854
60,1.78973782302,1.10001709614,None,2e-06,17.5168043256
60,1.34383243132,0.882968421077,None,2e-06,18.7259954546
60,1.45665330968,0.661341474954,None,2.5e-05,12.939408376
60,1.47523895024,0.858497752534,None,2e-06,16.5852358651
60,1.3933227436,1.04337207964,None,0.0,21.3418638332
60,1.10287964576,0.806745811157,None,0.0,20.847474796
60,1.20353840822,0.622774181948,None,4e-06,14.7474015489
60,1.3449861723,0.731184748966,None,5e-06,15.4936651207
60,1.14485404188,0.522685028868,None,2.1e-05,13.0117226981
60,1.17948735774,0.77648150901,None,0.0,18.7621536268
60,1.15138010149,0.86346119163,None,0.0,21.3731711444
60,1.08896033503,1.11468045645,None,0.0,29.1731406434
60,1.63942286151,0.615417869958,None,0.000119,10.6985267228
60,1.50328522089,1.17391268966,None,0.0,22.2555980664
60,1.23414847358,0.241028561098,None,0.006088,5.56603531774
60,1.2565013318,1.14071469616,None,0.0,25.87372414
60,1.10316843269,0.653200205435,None,2e-06,16.8752162438
60,1.10823913358,1.35636890612,None,0.0,34.8810222027
60,0.968630751264,0.983110236637,None,0.0,28.9260295604
60,1.03270476797,1.93810815155,None,0.0,53.4868086529
60,1.80996435069,0.583948632079,None,0.000363,9.19495238009
60,1.19870550871,1.04332019122,None,0.0,24.8056134169
60,1.15782779513,1.10982633884,None,0.0,27.3184413001
60,0.87449909433,0.760870684656,None,0.0,24.7968404465
60,1.22998714574,0.903315428691,None,0.0,20.930698184
60,1.10710889698,0.747045522375,None,0.0,19.230987526
60,1.35804114828,0.733089634952,None,1e-06,15.3846992211
60,1.17048841813,0.553151982823,None,1.5e-05,13.4685924835
60,1.08603492111,1.07357703816,None,0.0,28.1730771201
60,1.30591024724,1.58824768845,None,0.0,34.6616922691
60,1.53932844011,1.04469356083,None,0.0,19.342049239
60,1.32673604793,1.13510137402,None,0.0,24.3834402555
60,1.11479184695,1.50365205925,None,0.0,38.4413321697
60,0.928839840765,0.980668973632,None,0.0,30.0902960035
60,1.10111912978,0.707472222619,None,0.0,18.3113323521
60,1.13757357152,0.633380463524,None,4e-06,15.8682863794
60,1.68977304609,0.299417466388,None,0.009554,5.05002598533
60,1.15622527716,0.776136348837,None,0.0,19.131121226
60,1.21158564925,1.37579254617,None,0.0,32.3626213221
60,1.24994622911,0.814495511549,None,3e-06,18.5712965395
60,1.53563030852,1.52727505565,None,0.0,28.344933572
60,1.42656701373,0.810772195,None,2e-06,16.1976320321
60,1.56959871994,0.479074595002,None,0.000503,8.69880039027
60,1.58040443629,0.764278908078,None,1.7e-05,13.7825156523
60,1.13396873302,1.48824329922,None,0.0,37.4039713728
60,1.66584689265,1.3696123947,None,0.0,23.4318972657
60,1.34337499082,0.931848862141,None,1e-06,19.7693814106
60,1.00442319535,1.41502571968,None,0.0,40.1506388916
60,0.975995411403,0.561093283941,None,1e-06,16.384460834
60,1.26748643931,0.850862312055,None,0.0,19.1320199898
60,0.925490930832,0.920381001786,None,0.0,28.3426424582
60,1.31895341796,1.06169426751,None,0.0,22.9411336383
60,1.04405692996,0.564402613595,None,4e-06,15.4067024755
60,1.37609628669,0.671713379771,None,9e-06,13.9116946311
60,1.86427374025,0.919512311182,None,1.2e-05,14.0570026294
60,0.962779212189,0.764235835944,None,0.0,22.6227582073
60,1.26023562537,0.715200866621,None,2e-06,16.1741378266
60,1.37110094426,0.73349649425,None,4e-06,15.2466163587
60,1.14985110422,0.455536723236,None,7.1e-05,11.2908502367
60,1.24268822881,1.16046208925,None,0.0,26.6142132651
60,1.1386420863,0.760020452166,None,1e-06,19.0231707992
60,1.46791262563,0.864948485059,None,3e-06,16.7932555343
60,0.980751444848,0.496093495778,None,1.1e-05,14.41615478
60,1.20686850302,0.484301269182,None,6e-05,11.4366943351
60,1.40556182445,0.797283829443,None,1e-06,16.1661968501
60,1.46786964975,0.940802080534,None,1e-06,18.2665124929
60,1.10941397312,1.27819320271,None,0.0,32.8358098598
60,1.09879926321,1.13266054644,None,0.0,29.3782737708
60,0.984036632372,1.10152721662,None,0.0,31.9028018275
60,1.20682935849,0.631685091663,None,6e-06,14.9176227657
60,1.36628179556,0.940797830198,None,0.0,19.6246032464
60,1.48963356432,0.973156865294,None,0.0,18.6186531542
60,0.855164366043,0.585451327153,None,0.0,19.5112933681
60,1.64265401997,1.3185490934,None,0.0,22.876788846
60,1.37478854234,1.14363042277,None,0.0,23.7079856611
60,1.13362548884,0.786398551195,None,0.0,19.770514098
60,1.39571034403,0.987311011523,None,0.0,20.1606042033
60,1.14463855792,0.950604287894,None,0.0,23.6688009655
60,1.26607018611,1.15413372021,None,0.0,25.9802429493
60,1.2532742826,0.905291168769,None,0.0,20.5867132744
60,1.14914989383,0.731977763771,None,0.0,18.1537381498
60,1.27522557046,0.771672563858,None,2e-06,17.2461002818
60,1.39451178821,0.708456502257,None,9e-06,14.4789097411
60,1.43797985089,0.724717359803,None,4e-06,14.3635147194
60,1.52696399039,0.811545036215,None,4e-06,15.1470720185
60,1.33825939145,1.02376043284,None,0.0,21.8023295949
60,1.31916483314,0.651801029721,None,1e-05,14.0818864181
60,1.28408566687,0.705476943022,None,2e-06,15.6579061622
60,1.06725018117,0.976733809725,None,0.0,26.0828379964
60,1.07297358844,1.09644870379,None,0.0,29.1235389155
60,1.73560233118,0.627166775267,None,0.000143,10.2985878585
60,0.845365515002,0.892699995128,None,0.0,30.0957981011
60,1.02763002648,1.51521610952,None,0.0,42.0225742812
60,1.50802185883,0.929225361144,None,0.0,17.5613653327
60,0.961866239499,1.46292192468,None,0.0,43.3462295911
60,1.48886365787,0.672880764733,None,3e-05,12.8803612698
60,1.55810993128,1.34290574783,None,0.0,24.5636158558
60,1.1564434465,0.459299059926,None,6.2e-05,11.3192073919
60,1.56084530031,0.910717113378,None,4e-06,16.6290904846
60,1.3419191719,1.03122507473,None,0.0,21.9014045294
60,1.18687424457,1.12432559984,None,0.0,26.9980410664
60,1.53395542017,0.47629577181,None,0.000431,8.84929856378
60,1.13154662644,1.32980417363,None,0.0,33.4934664314
60,1.5615773078,1.21655845417,None,0.0,22.2031376678
60,1.20432428097,0.631674359791,None,5e-06,14.9483984825
60,1.48636630811,0.649498219612,None,3.4e-05,12.4536590731
60,1.28967180323,0.650140557471,None,1.3e-05,14.3672257093
60,0.991068000108,1.03644312786,None,0.0,29.8048460254
60,1.28743552289,1.14629423776,None,0.0,25.3755510047
60,1.32620461073,0.82902347214,None,1e-06,17.8156287233
60,1.48895971274,1.33845766553,None,0.0,25.6192582924
60,1.22270508561,1.03804237548,None,0.0,24.1957018495
60,1.47874474967,1.06072637329,None,0.0,20.4434887397
60,1.03097685434,0.558626303308,None,8e-06,15.4424898845
60,1.28300568632,1.27757642205,None,0.0,28.3793972362
60,1.51557459859,0.411297332916,None,0.001055,7.73434313232
60,1.15116823709,1.1837028277,None,0.0,29.3054737811
60,1.32006950922,0.987025146274,None,1e-06,21.3096480696
60,1.2181424221,0.446507715434,None,0.000136,10.4466190972
60,1.51275405169,0.736232363136,None,1.4e-05,13.8704783676
60,0.858350757724,1.5817404431,None,0.0,52.5188592459
60,1.31352156788,0.803216589839,None,0.0,17.4277098833
60,0.944641307838,0.575361863653,None,3e-06,17.3587720313
60,1.04745945441,1.24763572785,None,0.0,33.9465342493
60,0.875322950076,0.903504453609,None,0.0,29.4175731662
60,2.18952483976,0.902782014144,None,4.9e-05,11.7510826714
60,1.4583052393,0.730482357341,None,2.2e-05,14.2759873743
60,1.38381785213,0.951043814585,None,0.0,19.5869338396
60,1.30928988351,1.15674747485,None,0.0,25.1795293376
60,1.01484234536,0.917190863301,None,0.0,25.7576358768
60,1.30835723879,0.454424998507,None,0.000222,9.89875859088
60,1.06193209303,1.07576050302,None,0.0,28.8711251289
60,1.23163651486,0.966484563304,None,0.0,22.3643986857
60,1.19025447401,0.902640681783,None,0.0,21.6132432119
60,1.08667546045,0.652532456203,None,1e-06,17.113826233
60,1.48427739952,1.19904661616,None,0.0,23.02320885
60,1.25108038429,0.90838863295,None,0.0,20.6933753932
60,1.03450271649,0.789958360532,None,0.0,21.762932969
60,1.36485399732,0.415135764938,None,0.00051,8.668597025
60,1.30029889814,0.977386431537,None,0.0,21.4223924504
60,1.33093730594,1.29452023018,None,0.0,27.7201836597
60,1.18939259528,0.884700904001,None,0.0,21.1990354271
60,1.10012885582,0.855467338395,None,1e-06,22.161784972
60,1.13611044478,1.8415962969,None,0.0,46.1975283327
60,1.40021123044,0.883467425172,None,0.0,17.9821594556
60,1.07839494174,0.698020043849,None,4e-06,18.4473892446
60,1.27847460382,0.81808498006,None,0.0,18.2369065932
60,1.22866203259,0.970957414028,None,0.0,22.5222930031
60,1.22403052223,0.744499804658,None,0.0,17.3347347532
60,1.17312685834,1.24905708353,None,0.0,30.3446525222
60,1.0907668352,0.749012027599,None,0.0,19.5704912339
60,1.251380972,0.911553349427,None,0.0,20.760480653
60,1.31131253352,0.76496933973,None,4e-06,16.6258047758
60,1.2459176241,0.575807785608,None,1.8e-05,13.171434108
60,1.26716214475,0.773636335967,None,2e-06,17.4000112507
60,1.69009446369,0.89404410745,None,5e-06,15.0762324886
60,1.44589688834,0.524926606665,None,0.00013,10.3468016361
60,0.740737800547,0.935869331734,None,0.0,36.0077154625
60,1.44775184523,1.17425738756,None,0.0,23.1160717603
60,0.953750647221,1.1029491391,None,0.0,32.9583529573
60,1.30249907501,0.87421384927,None,1e-06,19.1286851424
60,1.51547737825,0.86926249741,None,0.0,16.3473117657
60,1.15562771694,0.988426088053,None,0.0,24.3764865593
60,1.0309125481,1.37756336285,None,0.0,38.0833038783
60,1.40800632014,0.684998989374,None,1.1e-05,13.8653292374
60,1.18157704961,0.513245302807,None,3.1e-05,12.3796337571
60,1.10101497124,0.993551069096,None,0.0,25.7182746911
